{"cameraMode":{"drawMode":0,"name":"Shaded","section":"Shading Mode"},"sceneLighting":true,"audioPlay":false,"sceneViewState":{"showFog":true,"showMaterialUpdate":true,"showSkybox":true,"showFlares":true,"showImageEffects":true,"showParticleSystems":true},"in2DMode":false,"pivot":{"x":-3.416417360305786,"y":-0.1927194595336914,"z":2.097055435180664},"rotation":{"x":0.33581864833831789,"y":0.3804945945739746,"z":-0.15046635270118714,"w":0.8485139012336731},"size":1.6912193298339844,"orthographic":false}